#start_time(samples),start_time(iso),end_time(samples),end_time(iso),current_mean(A),current_min(A),current_max(A),voltage_mean(V),voltage_min(V),voltage_max(V),power_mean(W),power_min(W),power_max(W),charge(C),charge(Ah),energy(J),energy(Wh)
121166160,2023-01-18T13:02:28.275758,147441792,2023-01-18T13:02:41.488159,0.00735425,0.00356617,0.0114036,3.27783,3.26145,3.29324,0.024105,0.0117281,0.0372439,0.0966187,2.68385e-05,0.316687,8.79687e-05
147449477,2023-01-18T13:02:41.490490,147455955,2023-01-18T13:02:41.499086,0.00947043,0.0090305,0.010036,3.27057,3.26713,3.27394,0.0309737,0.0295346,0.032823,3.06653e-05,8.51813e-09,0.000100293,2.78592e-08
157716149,2023-01-18T13:02:46.615056,184042200,2023-01-18T13:02:59.789649,0.00735246,0.00357216,0.0114395,3.27761,3.26145,3.29324,0.0240975,0.0117478,0.0373612,0.0967806,2.68835e-05,0.317196,8.811e-05
184049812,2023-01-18T13:02:59.791603,184056292,2023-01-18T13:02:59.793864,0.00947708,0.00922202,0.0100719,3.27053,3.26599,3.27394,0.0309951,0.0301819,0.032929,3.06962e-05,8.52674e-09,0.000100393,2.7887e-08
194205852,2023-01-18T13:03:04.824718,220860263,2023-01-18T13:03:18.202252,0.00734219,0.0035542,0.0114065,3.27787,3.26145,3.29324,0.0240658,0.0116968,0.0372698,0.0978508,2.71808e-05,0.32073,8.90916e-05
220867878,2023-01-18T13:03:18.203156,220874364,2023-01-18T13:03:18.204151,0.00949906,0.00926391,0.010018,3.2706,3.26713,3.27508,0.0310676,0.0302979,0.0327643,3.0796e-05,8.55443e-09,0.000100721,2.79781e-08
231031451,2023-01-18T13:03:23.223529,257283630,2023-01-18T13:03:36.430339,0.00734471,0.00357814,0.0113946,3.27776,3.26145,3.29324,0.0240732,0.0117756,0.0372276,0.0964073,2.67798e-05,0.315987,8.77742e-05
257291305,2023-01-18T13:03:36.432697,257297791,2023-01-18T13:03:36.435146,0.00948443,0.00892576,0.00987139,3.27081,3.26713,3.27508,0.0310217,0.0292021,0.0322735,3.07485e-05,8.54125e-09,0.000100572,2.79368e-08
267496478,2023-01-18T13:03:41.453986,293677760,2023-01-18T13:03:54.625967,0.00734334,0.00357216,0.0114305,3.27779,3.26032,3.29324,0.024069,0.0117478,0.0373189,0.0961291,2.67025e-05,0.315078,8.75217e-05
293685508,2023-01-18T13:03:54.628185,293691986,2023-01-18T13:03:54.637681,0.00947617,0.00906641,0.00990132,3.27088,3.26713,3.27394,0.0309954,0.029652,0.0323826,3.06838e-05,8.52329e-09,0.000100363,2.78787e-08
303924164,2023-01-18T13:03:59.676303,330008284,2023-01-18T13:04:12.735601,0.00734679,0.0035572,0.0114095,3.27778,3.26145,3.29324,0.0240802,0.0116985,0.0372505,0.0958173,2.66159e-05,0.314055,8.72375e-05
330015939,2023-01-18T13:04:12.736752,330022417,2023-01-18T13:04:12.738374,0.00945377,0.00894371,0.00992226,3.27111,3.26713,3.27508,0.0309243,0.029271,0.0324511,3.06113e-05,8.50314e-09,0.000100133,2.78147e-08
340257259,2023-01-18T13:04:17.867266,366685811,2023-01-18T13:04:31.104439,0.007343,0.00356318,0.0113916,3.27764,3.26145,3.29324,0.0240667,0.0117142,0.0372049,0.0970325,2.69535e-05,0.318024,8.83401e-05
366693456,2023-01-18T13:04:31.105796,366699934,2023-01-18T13:04:31.106972,0.00946799,0.00923997,0.00997613,3.27108,3.26713,3.27508,0.0309706,0.0302399,0.0326273,3.06573e-05,8.51593e-09,0.000100283,2.78563e-08
376862127,2023-01-18T13:04:36.138545,403547723,2023-01-18T13:04:49.476701,0.00733834,0.00356318,0.0114125,3.27797,3.26145,3.29324,0.0240539,0.0117223,0.0372862,0.0979139,2.71983e-05,0.320946,8.91516e-05
403555476,2023-01-18T13:04:49.477223,403561954,2023-01-18T13:04:49.477883,0.00946588,0.00905444,0.00988935,3.27112,3.26713,3.27508,0.0309641,0.0296334,0.0323435,3.06505e-05,8.51403e-09,0.000100262,2.78505e-08
413738853,2023-01-18T13:04:54.606438,440424579,2023-01-18T13:05:07.899163,0.007339,0.00353026,0.0113916,3.27776,3.26145,3.29324,0.0240545,0.011618,0.0371919,0.0979233,2.72009e-05,0.320956,8.91544e-05
440432063,2023-01-18T13:05:07.899614,440438540,2023-01-18T13:05:08.007792,0.00947552,0.00897065,0.0100001,3.27061,3.26713,3.27394,0.0309907,0.029349,0.0326942,3.0677e-05,8.52139e-09,0.000100332,2.78701e-08
450611572,2023-01-18T13:05:13.035136,477658999,2023-01-18T13:05:26.523401,0.00733422,0.00353625,0.0113976,3.27811,3.26145,3.29324,0.0240414,0.0116417,0.0372146,0.0991859,2.75516e-05,0.325129,9.03137e-05
477666636,2023-01-18T13:05:26.634160,477673114,2023-01-18T13:05:26.636990,0.00947998,0.00925493,0.010036,3.27138,3.26713,3.27508,0.0310126,0.0302896,0.0328458,3.06962e-05,8.52671e-09,0.000100419,2.78941e-08
487780572,2023-01-18T13:05:31.553044,525564584,2023-01-18T13:05:50.519140,0.00735621,0.00354223,0.0114215,3.27805,3.26145,3.29437,0.024113,0.0116574,0.0372896,0.138974,3.86038e-05,0.455544,0.00012654
525572434,2023-01-18T13:05:50.520116,525581607,2023-01-18T13:05:50.521100,0.00947901,0.00925793,0.0100539,3.27071,3.26713,3.27394,0.0310031,0.0302784,0.0328817,4.3466e-05,1.20739e-08,0.000142165,3.94902e-08
535778221,2023-01-18T13:05:55.651188,580753087,2023-01-18T13:06:18.145665,0.00727068,0.00352428,0.0114664,3.27805,3.26145,3.29324,0.0238326,0.0115943,0.0374362,0.163499,4.54164e-05,0.535934,0.000148871
580760893,2023-01-18T13:06:18.147220,580770067,2023-01-18T13:06:18.148908,0.0094701,0.00903349,0.00993423,3.27124,3.26713,3.27508,0.0309789,0.0295546,0.0324903,4.34299e-05,1.20639e-08,0.000142069,3.94637e-08
590973693,2023-01-18T13:06:23.183677,628688074,2023-01-18T13:06:42.088920,0.00735746,0.00353026,0.0114095,3.27771,3.26145,3.29324,0.0241146,0.01161,0.0372505,0.138741,3.85392e-05,0.454734,0.000126315
628695876,2023-01-18T13:06:42.098838,628705051,2023-01-18T13:06:42.101106,0.00947281,0.00924596,0.010012,3.27126,3.26713,3.27508,0.030988,0.0302588,0.0327447,4.3447e-05,1.20686e-08,0.000142127,3.94796e-08
638893006,2023-01-18T13:06:47.134007,676940813,2023-01-18T13:07:06.198254,0.00735227,0.00353924,0.0114065,3.2781,3.26145,3.29437,0.0241005,0.0116435,0.0372537,0.139869,3.88525e-05,0.458485,0.000127357
676948793,2023-01-18T13:07:06.207037,676957959,2023-01-18T13:07:06.209318,0.00947797,0.00903947,0.00996117,3.27144,3.26599,3.27508,0.0310066,0.0295947,0.0325897,4.34281e-05,1.20634e-08,0.000142072,3.94645e-08
687080773,2023-01-18T13:07:11.244847,724720588,2023-01-18T13:07:30.096008,0.00736071,0.00352428,0.0114095,3.27789,3.26145,3.29324,0.0241265,0.0115943,0.0372635,0.138528,3.848e-05,0.454059,0.000126128
724728435,2023-01-18T13:07:30.097605,724737607,2023-01-18T13:07:30.099489,0.0094763,0.00925194,0.00992526,3.2708,3.26713,3.27508,0.0309951,0.0302378,0.0324722,4.34488e-05,1.20691e-08,0.000142112,3.94757e-08
734972524,2023-01-18T13:07:35.228131,772129531,2023-01-18T13:07:53.864651,0.00737339,0.00354223,0.0114155,3.27783,3.26145,3.29437,0.0241677,0.0116574,0.0372571,0.136987,3.80518e-05,0.449,0.000124722
772137422,2023-01-18T13:07:53.866229,772146596,2023-01-18T13:07:53.868024,0.00948154,0.00907838,0.00997912,3.27128,3.26713,3.27508,0.0310167,0.0297015,0.0326371,4.34823e-05,1.20784e-08,0.000142243,3.95119e-08
782268841,2023-01-18T13:07:58.854266,818834574,2023-01-18T13:08:17.190642,0.00738132,0.00356917,0.0114036,3.2778,3.26032,3.29324,0.0241935,0.011746,0.0372439,0.134952,3.74866e-05,0.442326,0.000122868
818842348,2023-01-18T13:08:17.192771,818851515,2023-01-18T13:08:17.202150,0.00948306,0.00924895,0.010015,3.27079,3.26713,3.27508,0.0310171,0.030249,0.0327431,4.34561e-05,1.20711e-08,0.000142136,3.94822e-08
829010473,2023-01-18T13:08:22.236050,866728814,2023-01-18T13:08:41.062518,0.00736529,0.00352428,0.0114664,3.27794,3.26145,3.29324,0.0241419,0.0115943,0.0374622,0.138903,3.85842e-05,0.455297,0.000126471
866736740,2023-01-18T13:08:41.063312,866745915,2023-01-18T13:08:41.070285,0.00948333,0.00906042,0.00992526,3.27102,3.26713,3.27508,0.0310201,0.0296427,0.0324609,4.34953e-05,1.2082e-08,0.000142274,3.95205e-08
876918287,2023-01-18T13:08:46.205585,915152370,2023-01-18T13:09:05.331841,0.0073588,0.00351829,0.0114006,3.27819,3.26145,3.29324,0.0241225,0.0115666,0.0372503,0.140679,3.90774e-05,0.461151,0.000128098
915160280,2023-01-18T13:09:05.334079,915169448,2023-01-18T13:09:05.336215,0.0094802,0.00906341,0.00992825,3.27107,3.26713,3.27508,0.0310104,0.0296525,0.0324594,4.34477e-05,1.20688e-08,0.00014212,3.94779e-08
925338848,2023-01-18T13:09:10.361564,963369374,2023-01-18T13:09:29.382416,0.00736309,0.00352727,0.0114425,3.27793,3.26145,3.29437,0.0241347,0.0116081,0.037358,0.140011,3.8892e-05,0.458927,0.00012748
963377367,2023-01-18T13:09:29.486535,963386537,2023-01-18T13:09:29.488393,0.00948618,0.00903349,0.00989533,3.27075,3.26713,3.27508,0.0310269,0.0295751,0.032363,4.34847e-05,1.20791e-08,0.000142227,3.95075e-08
973590202,2023-01-18T13:09:34.505025,1020149281,2023-01-18T13:09:57.812721,0.00737219,0.0035542,0.0114544,3.27772,3.26145,3.29324,0.024163,0.0116927,0.0373841,0.171621,4.76726e-05,0.562502,0.000156251
1020157262,2023-01-18T13:09:57.814014,1020168503,2023-01-18T13:09:57.815957,0.00948243,0.00922501,0.00991927,3.27109,3.26713,3.27508,0.0310179,0.0301812,0.0324301,5.32865e-05,1.48018e-08,0.000174305,4.8418e-08
1030400655,2023-01-18T13:10:02.933260,1076151814,2023-01-18T13:10:25.855303,0.00738172,0.00354223,0.0114215,3.27788,3.26145,3.29437,0.0241953,0.0116534,0.0373026,0.168861,4.69059e-05,0.553482,0.000153745
1076159599,2023-01-18T13:10:25.856779,1076170837,2023-01-18T13:10:25.858556,0.00948352,0.00925493,0.010009,3.27104,3.26713,3.27508,0.0310209,0.0302686,0.0327349,5.32784e-05,1.47996e-08,0.000174276,4.84099e-08
1086357277,2023-01-18T13:10:30.893349,1132119461,2023-01-18T13:10:53.826774,0.00737154,0.00351829,0.0114455,3.27779,3.26145,3.29324,0.0241613,0.0115746,0.0373808,0.168669,4.68525e-05,0.552838,0.000153566
1132127287,2023-01-18T13:10:53.828653,1132138537,2023-01-18T13:10:53.836236,0.0094861,0.00907838,0.00989832,3.27122,3.26713,3.27508,0.0310311,0.0297118,0.0323728,5.33498e-05,1.48194e-08,0.000174519,4.84775e-08
1142354866,2023-01-18T13:10:58.859636,1188570172,2023-01-18T13:11:22.050931,0.00736749,0.00355121,0.0114335,3.27777,3.26145,3.29324,0.0241479,0.0116829,0.0373287,0.170245,4.72904e-05,0.558002,0.000155001
1188578160,2023-01-18T13:11:22.053060,1188589400,2023-01-18T13:11:22.064017,0.00947502,0.00897663,0.00992226,3.27062,3.26713,3.27394,0.0309892,0.0293686,0.0324398,5.32401e-05,1.47889e-08,0.000174128,4.8369e-08
1198840008,2023-01-18T13:11:27.095019,1245028402,2023-01-18T13:11:50.273064,0.00737034,0.00350932,0.0114395,3.27806,3.26259,3.29324,0.0241593,0.0115451,0.0373482,0.170212,4.72811e-05,0.55794,0.000154983
1245036242,2023-01-18T13:11:50.274465,1245047483,2023-01-18T13:11:50.276595,0.00948442,0.00920705,0.0100539,3.27164,3.26713,3.27508,0.0310296,0.030112,0.0328589,5.32977e-05,1.48049e-08,0.000174371,4.84363e-08
1255180378,2023-01-18T13:11:55.290828,1301779434,2023-01-18T13:12:18.607670,0.00736623,0.00353326,0.0114395,3.27805,3.26145,3.29324,0.0241458,0.0116238,0.0373482,0.17163,4.76749e-05,0.562585,0.000156274
1301787214,2023-01-18T13:12:18.608548,1301798455,2023-01-18T13:12:18.610093,0.00947509,0.00914421,0.00993723,3.27123,3.26826,3.27508,0.0309952,0.0299272,0.0325226,5.32452e-05,1.47903e-08,0.000174177,4.83826e-08
1311946218,2023-01-18T13:12:23.723976,1359051112,2023-01-18T13:12:47.245966,0.00735801,0.00352129,0.0114305,3.2783,3.26145,3.29437,0.0241207,0.0115884,0.0373319,0.173299,4.81386e-05,0.568102,0.000157806
1359058884,2023-01-18T13:12:47.246564,1359070124,2023-01-18T13:12:47.247282,0.0094758,0.00919508,0.0100061,3.27144,3.26713,3.27508,0.0309995,0.0300728,0.0327251,5.32445e-05,1.47901e-08,0.000174186,4.8385e-08
1369205029,2023-01-18T13:12:52.367412,1415289415,2023-01-18T13:13:15.379802,0.00737086,0.00348837,0.0114305,3.27838,3.26259,3.29437,0.0241634,0.0114762,0.0373189,0.169841,4.7178e-05,0.556779,0.000154661
1415297145,2023-01-18T13:13:15.381417,1415308387,2023-01-18T13:13:15.383348,0.00948693,0.00924895,0.010045,3.27177,3.26713,3.27508,0.0310391,0.030249,0.0328524,5.33165e-05,1.48102e-08,0.00017444,4.84554e-08
1425502989,2023-01-18T13:13:20.502529,1470992750,2023-01-18T13:13:43.252372,0.00737903,0.00354523,0.0114484,3.27833,3.26259,3.29437,0.0241898,0.0116592,0.0373905,0.167835,4.66209e-05,0.550195,0.000152832
1471000770,2023-01-18T13:13:43.253336,1471012011,2023-01-18T13:13:43.256966,0.00948053,0.00912326,0.00987738,3.27133,3.26826,3.27508,0.0310139,0.0298483,0.0322931,5.32758e-05,1.47988e-08,0.000174283,4.84119e-08
1481118519,2023-01-18T13:13:48.273333,1527659068,2023-01-18T13:14:11.623469,0.0073686,0.0035572,0.0114305,3.27842,3.26259,3.29324,0.0241563,0.0117026,0.0373449,0.171469,4.76304e-05,0.562123,0.000156145
1527666877,2023-01-18T13:14:11.632292,1527678116,2023-01-18T13:14:11.635414,0.00948579,0.00910232,0.00994022,3.27198,3.26826,3.27621,0.0310373,0.0297901,0.0325098,5.32959e-05,1.48044e-08,0.000174383,4.84398e-08
1537866074,2023-01-18T13:14:16.646872,1591328144,2023-01-18T13:14:43.442858,0.00738675,0.00353924,0.0114455,3.27838,3.26259,3.29324,0.0242155,0.0116435,0.0373938,0.197456,5.48488e-05,0.647306,0.000179807
1591336038,2023-01-18T13:14:43.450621,1591349141,2023-01-18T13:14:43.454535,0.00947775,0.00903648,0.00995518,3.27187,3.26826,3.27508,0.03101,0.0295746,0.0325588,6.2084e-05,1.72456e-08,0.000203131,5.64252e-08
1601565571,2023-01-18T13:14:48.485440,1655598064,2023-01-18T13:15:15.567890,0.00737693,0.00354223,0.0114335,3.2784,3.26145,3.29324,0.0241834,0.0116654,0.0373417,0.199297,5.53603e-05,0.653345,0.000181485
1655605868,2023-01-18T13:15:15.569167,1655618970,2023-01-18T13:15:15.570719,0.00947816,0.00924596,0.0100001,3.27191,3.26826,3.27508,0.0310117,0.0302497,0.0327283,6.20819e-05,1.7245e-08,0.000203127,5.64241e-08
1665765325,2023-01-18T13:15:20.584045,1719137671,2023-01-18T13:15:47.258102,0.00738313,0.0035542,0.0114245,3.27846,3.26145,3.29437,0.0242042,0.0116968,0.0373124,0.197027,5.47298e-05,0.645917,0.000179421
1719145623,2023-01-18T13:15:47.258458,1719158726,2023-01-18T13:15:47.259061,0.00947612,0.00906641,0.00991927,3.272,3.26826,3.27621,0.0310059,0.0296726,0.0324638,6.20733e-05,1.72426e-08,0.000203104,5.64177e-08
1729296819,2023-01-18T13:15:52.373630,1784387786,2023-01-18T13:16:19.965007,0.00736642,0.00353326,0.0114365,3.27852,3.26259,3.29437,0.0241499,0.0116238,0.0373385,0.202912,5.63644e-05,0.66522,0.000184783
1784395694,2023-01-18T13:16:19.966973,1784408800,2023-01-18T13:16:19.969298,0.00950415,0.00902451,0.00994321,3.27144,3.26713,3.27508,0.0310922,0.0295252,0.0325309,6.22712e-05,1.72976e-08,0.000203716,5.65879e-08
1794612771,2023-01-18T13:16:25.011939,1848960050,2023-01-18T13:16:52.175532,0.00737959,0.00350632,0.0114365,3.27836,3.26259,3.29324,0.0241919,0.0115432,0.0373515,0.20053,5.57029e-05,0.657381,0.000182606
1848968152,2023-01-18T13:16:52.284220,1848981254,2023-01-18T13:16:52.286309,0.00948026,0.00901254,0.0099492,3.2717,3.26826,3.27508,0.0310165,0.0294963,0.0325294,6.20957e-05,1.72488e-08,0.000203158,5.64329e-08
1859153585,2023-01-18T13:16:57.311522,1913032813,2023-01-18T13:17:24.270054,0.00738577,0.00352129,0.0114275,3.27857,3.26145,3.29437,0.0242137,0.0115804,0.0373221,0.19897,5.52694e-05,0.652307,0.000181196
1913040570,2023-01-18T13:17:24.271241,1913053667,2023-01-18T13:17:24.272344,0.00948761,0.00924596,0.0100001,3.27188,3.26826,3.27508,0.0310423,0.0302497,0.0327169,6.21201e-05,1.72556e-08,0.000203249,5.64582e-08
1923306115,2023-01-18T13:17:29.399376,1977473814,2023-01-18T13:17:56.461435,0.00738077,0.00355121,0.0114544,3.27858,3.26145,3.29437,0.0241974,0.0116829,0.0374231,0.1999,5.55277e-05,0.655358,0.000182044
1977481778,2023-01-18T13:17:56.462330,1977494874,2023-01-18T13:17:56.463703,0.00948427,0.00923698,0.010009,3.27194,3.26826,3.27621,0.031032,0.0302203,0.0327122,6.20935e-05,1.72482e-08,0.000203166,5.64351e-08
1987664172,2023-01-18T13:18:01.592047,2042586586,2023-01-18T13:18:29.034537,0.0073731,0.00352129,0.0114574,3.27863,3.26145,3.29437,0.0241726,0.0115844,0.0374329,0.202474,5.62429e-05,0.663809,0.000184391
2042594509,2023-01-18T13:18:29.036298,2042607613,2023-01-18T13:18:29.038492,0.00947878,0.00912626,0.0099492,3.27208,3.26826,3.27621,0.0310153,0.0298581,0.0325279,6.20955e-05,1.72488e-08,0.000203181,5.64393e-08
2052826807,2023-01-18T13:18:34.151848,2107575989,2023-01-18T13:19:01.518798,0.00737384,0.00353326,0.0114604,3.27864,3.26259,3.29437,0.0241751,0.0116238,0.0374557,0.201856,5.60711e-05,0.661783,0.000183829
2107583963,2023-01-18T13:19:01.519905,2107597065,2023-01-18T13:19:01.521328,0.00947464,0.00905144,0.00999708,3.27209,3.26826,3.27621,0.0310019,0.0296339,0.0326958,6.20589e-05,1.72386e-08,0.000203062,5.64062e-08
2117784992,2023-01-18T13:19:06.619098,2172669698,2023-01-18T13:19:34.065443,0.00737034,0.00352727,0.0114335,3.27867,3.26259,3.29437,0.0241638,0.0116041,0.0373417,0.202259,5.61832e-05,0.663113,0.000184198
2172677566,2023-01-18T13:19:34.066167,2172690672,2023-01-18T13:19:34.067160,0.00951,0.0091472,0.00993723,3.27185,3.26826,3.27508,0.0311153,0.029937,0.0325113,6.23095e-05,1.73082e-08,0.000203867,5.66298e-08
2182859982,2023-01-18T13:19:39.197502,2242655995,2023-01-18T13:20:09.076597,0.00738579,0.00354223,0.0114245,3.27865,3.26259,3.29551,0.0242143,0.0116534,0.0373253,0.22082,6.1339e-05,0.723959,0.0002011
2242663832,2023-01-18T13:20:09.078349,2242678383,2023-01-18T13:20:09.080584,0.00947551,0.00912925,0.0100031,3.27189,3.26826,3.27621,0.0310028,0.0298679,0.0327154,6.89296e-05,1.91471e-08,0.00022553,6.26472e-08
2252772239,2023-01-18T13:20:14.128226,2313262460,2023-01-18T13:20:44.336399,0.00737846,0.00354223,0.0114335,3.27865,3.26259,3.29437,0.0241903,0.0116534,0.0373417,0.223162,6.19896e-05,0.731638,0.000203233
2313270290,2023-01-18T13:20:44.337092,2313284841,2023-01-18T13:20:44.338290,0.0094755,0.00904546,0.00997613,3.27189,3.26713,3.27621,0.0310028,0.0295938,0.0326386,6.89296e-05,1.91471e-08,0.00022553,6.26472e-08
2323493027,2023-01-18T13:20:49.478922,2383525538,2023-01-18T13:21:19.467894,0.0073834,0.00354523,0.0114784,3.27857,3.26145,3.29437,0.0242058,0.0116672,0.0375013,0.221622,6.15616e-05,0.726569,0.000201825
2383533179,2023-01-18T13:21:19.473148,2383547730,2023-01-18T13:21:19.474109,0.00947585,0.00924895,0.00997314,3.27183,3.26826,3.27508,0.0310033,0.0302588,0.0326288,6.89321e-05,1.91478e-08,0.000225534,6.26482e-08
2393723888,2023-01-18T13:21:24.605389,2453765433,2023-01-18T13:21:54.571810,0.00738391,0.00354822,0.0114544,3.27846,3.26259,3.29437,0.0242068,0.0116771,0.0373971,0.221671,6.15752e-05,0.726705,0.000201863
2453773193,2023-01-18T13:21:54.572476,2453787743,2023-01-18T13:21:54.573570,0.00947778,0.00906341,0.00993723,3.27179,3.26826,3.27508,0.0310093,0.0296731,0.0325113,6.89414e-05,1.91504e-08,0.000225561,6.26559e-08
2463957435,2023-01-18T13:21:59.689330,2524853328,2023-01-18T13:22:30.155262,0.00737562,0.00353326,0.0114365,3.27854,3.26259,3.29437,0.0241802,0.0116238,0.0373644,0.224572,6.23812e-05,0.736236,0.00020451
2524861164,2023-01-18T13:22:30.156443,2524875733,2023-01-18T13:22:30.165102,0.00948933,0.00924596,0.0100001,3.27198,3.26826,3.27508,0.0310489,0.0302497,0.0327169,6.91155e-05,1.91988e-08,0.000226145,6.2818e-08
2535004629,2023-01-18T13:22:35.170246,2595556877,2023-01-18T13:23:05.555352,0.00737811,0.00351231,0.0114425,3.27848,3.26145,3.29437,0.0241879,0.0115589,0.0373612,0.223381,6.20502e-05,0.732315,0.000203421
2595564731,2023-01-18T13:23:05.564214,2595579281,2023-01-18T13:23:05.567297,0.00947414,0.0091083,0.00995518,3.27159,3.26826,3.27508,0.0309955,0.029789,0.0325588,6.89149e-05,1.9143e-08,0.000225462,6.26282e-08
2605723831,2023-01-18T13:23:10.592340,2665037864,2023-01-18T13:23:40.321808,0.0073874,0.00356019,0.0114484,3.27829,3.26259,3.29324,0.0242169,0.0117124,0.0373905,0.219088,6.08578e-05,0.718201,0.0001995
2665045612,2023-01-18T13:23:40.324208,2665060162,2023-01-18T13:23:40.327003,0.00947531,0.00923698,0.010027,3.27143,3.26713,3.27508,0.0309978,0.0302099,0.0327937,6.89234e-05,1.91454e-08,0.000225478,6.26327e-08
2675222891,2023-01-18T13:23:45.343050,2735098265,2023-01-18T13:24:15.241549,0.00738326,0.00353924,0.0114395,3.27838,3.26145,3.29437,0.024204,0.0116435,0.0373612,0.221038,6.13994e-05,0.724612,0.000201281
2735106126,2023-01-18T13:24:15.241894,2735120693,2023-01-18T13:24:15.242461,0.00948171,0.00903947,0.00991927,3.27171,3.26826,3.27508,0.0310214,0.0295742,0.0324315,6.90505e-05,1.91807e-08,0.000225913,6.27537e-08
2745274437,2023-01-18T13:24:20.371170,2805587019,2023-01-18T13:24:50.545220,0.00737873,0.00352428,0.0114514,3.27834,3.26145,3.29324,0.0241888,0.0115983,0.0373873,0.222515,6.18098e-05,0.729446,0.000202624
2805594864,2023-01-18T13:24:50.546603,2805609416,2023-01-18T13:24:50.548106,0.00947155,0.00924895,0.010027,3.27149,3.26713,3.27508,0.0309861,0.030249,0.032805,6.89055e-05,1.91404e-08,0.000225424,6.26177e-08
2815797475,2023-01-18T13:24:55.581235,2874848907,2023-01-18T13:25:25.106764,0.00738976,0.00351829,0.0114185,3.27836,3.26259,3.29437,0.0242252,0.0115746,0.0372928,0.218188,6.06078e-05,0.715265,0.000198685
2874856750,2023-01-18T13:25:25.107164,2874871298,2023-01-18T13:25:25.214800,0.00948176,0.00925194,0.0100779,3.27135,3.26713,3.27508,0.0310182,0.0302588,0.0329829,6.89608e-05,1.91558e-08,0.000225595,6.26653e-08
2885076825,2023-01-18T13:25:30.238424,2950879307,2023-01-18T13:26:03.214113,0.00738745,0.00354822,0.0114484,3.2784,3.26145,3.29437,0.0242179,0.011673,0.0373905,0.243056,6.75157e-05,0.796799,0.000221333
2950887221,2023-01-18T13:26:03.215554,2950903221,2023-01-18T13:26:03.217606,0.0094712,0.00900656,0.00992825,3.2722,3.26826,3.27621,0.0309916,0.0294869,0.0324707,7.57601e-05,2.10445e-08,0.000247902,6.88616e-08
2961103851,2023-01-18T13:26:08.311947,3026323312,2023-01-18T13:26:40.944997,0.00739112,0.00352727,0.0114215,3.27827,3.26259,3.29437,0.0242289,0.0116041,0.0372896,0.241022,6.69507e-05,0.790099,0.000219472
3026331198,2023-01-18T13:26:40.946779,3026347196,2023-01-18T13:26:40.953964,0.0094641,0.00908137,0.00995518,3.27146,3.26713,3.27508,0.0309614,0.0297216,0.0325701,7.56938e-05,2.10261e-08,0.000247629,6.87859e-08
3036503840,2023-01-18T13:26:45.973421,3101500541,2023-01-18T13:27:18.486185,0.00739342,0.00355121,0.0114455,3.27835,3.26145,3.29437,0.024237,0.0116829,0.0373808,0.240274,6.67428e-05,0.787664,0.000218796
3101508342,2023-01-18T13:27:18.487060,3101524341,2023-01-18T13:27:18.488031,0.00947015,0.00901254,0.00990431,3.2713,3.26713,3.27508,0.0309796,0.0294963,0.0323811,7.5747e-05,2.10408e-08,0.000247791,6.88307e-08
3111641742,2023-01-18T13:27:23.507659,3178012559,2023-01-18T13:27:56.789928,0.00738209,0.00351829,0.0114514,3.2781,3.26259,3.29437,0.0241981,0.0115746,0.0374133,0.244978,6.80494e-05,0.803024,0.000223062
3178020374,2023-01-18T13:27:56.792222,3178036391,2023-01-18T13:27:56.794555,0.00950729,0.00927887,0.010036,3.27135,3.26713,3.27508,0.0311017,0.0303469,0.032823,7.61296e-05,2.11471e-08,0.000249047,6.91797e-08
3188283835,2023-01-18T13:28:01.890324,3254525522,2023-01-18T13:28:35.033662,0.00738673,0.00353026,0.0114574,3.27833,3.26145,3.29437,0.0242149,0.011606,0.0373939,0.244655,6.79596e-05,0.802019,0.000222783
3254533249,2023-01-18T13:28:35.035119,3254549253,2023-01-18T13:28:35.036919,0.00948605,0.00902451,0.00993423,3.27153,3.26826,3.27508,0.0310339,0.029556,0.0324903,7.58979e-05,2.10827e-08,0.000248302,6.89728e-08
3264781031,2023-01-18T13:28:40.062959,3330618833,2023-01-18T13:29:13.032113,0.00739363,0.00353326,0.0114484,3.27848,3.26259,3.29437,0.0242387,0.0116198,0.0374068,0.24339,6.76084e-05,0.797912,0.000221642
3330626791,2023-01-18T13:29:13.033084,3330642789,2023-01-18T13:29:13.034414,0.00947718,0.00903947,0.00994022,3.27196,3.26713,3.27621,0.031009,0.0295947,0.0325098,7.57985e-05,2.10551e-08,0.00024801,6.88916e-08
3340850072,2023-01-18T13:29:18.161574,3406645243,2023-01-18T13:29:51.060223,0.00739485,0.00354822,0.0115083,3.27835,3.26259,3.29324,0.0242418,0.011673,0.037573,0.243273,6.75758e-05,0.797496,0.000221527
3406653214,2023-01-18T13:29:51.061575,3406669212,2023-01-18T13:29:51.063996,0.00947774,0.00900955,0.00992825,3.27152,3.26713,3.27508,0.0310066,0.0294763,0.0324707,7.5803e-05,2.10564e-08,0.000247991,6.88863e-08
3416841600,2023-01-18T13:29:56.179914,3483453162,2023-01-18T13:30:29.443205,0.00738796,0.00354523,0.0114455,3.27845,3.26259,3.29437,0.02422,0.0116632,0.0373678,0.246062,6.83505e-05,0.806665,0.000224074
3483461061,2023-01-18T13:30:29.444262,3483477060,2023-01-18T13:30:29.445978,0.00947688,0.00900955,0.00993423,3.2717,3.26826,3.27621,0.0310055,0.0294763,0.0324903,7.58008e-05,2.10558e-08,0.000247998,6.88882e-08
3493664863,2023-01-18T13:30:34.558546,3559504010,2023-01-18T13:31:07.511142,0.00739386,0.00352428,0.0114664,3.27841,3.26259,3.29437,0.024239,0.0115943,0.0374492,0.243403,6.76119e-05,0.797936,0.000221649
3559511940,2023-01-18T13:31:07.518351,3559527938,2023-01-18T13:31:07.521025,0.00947621,0.00909035,0.00998211,3.27188,3.26826,3.27621,0.031005,0.0297406,0.0326582,7.57908e-05,2.1053e-08,0.000247978,6.88827e-08
3569798275,2023-01-18T13:31:12.636908,3635472494,2023-01-18T13:31:45.484153,0.00738399,0.00355121,0.0114634,3.27839,3.26259,3.29437,0.0242064,0.0116869,0.0374394,0.242469,6.73525e-05,0.79487,0.000220797
3635480500,2023-01-18T13:31:45.485235,3635496497,2023-01-18T13:31:45.486682,0.00946655,0.00908436,0.00988336,3.27204,3.26826,3.27621,0.0309749,0.0297406,0.0323239,7.57087e-05,2.10302e-08,0.000247722,6.88116e-08
3645734018,2023-01-18T13:31:50.600915,3716388429,2023-01-18T13:32:25.938977,0.00738846,0.00352727,0.0114604,3.27829,3.26259,3.29437,0.0242204,0.0116041,0.0374296,0.261014,7.25038e-05,0.855637,0.000237677
3716396158,2023-01-18T13:32:25.940497,3716413398,2023-01-18T13:32:25.949698,0.00946535,0.00923698,0.010018,3.27157,3.26826,3.27508,0.0309666,0.0302099,0.0327643,8.15818e-05,2.26616e-08,0.000266901,7.41391e-08
3726599093,2023-01-18T13:32:31.063855,3799406804,2023-01-18T13:33:07.428561,0.00736809,0.0035153,0.0114484,3.27858,3.26145,3.29437,0.0241557,0.0115648,0.0374035,0.268227,7.45075e-05,0.879361,0.000244267
3799414628,2023-01-18T13:33:07.429460,3799431866,2023-01-18T13:33:07.431354,0.00946417,0.00922501,0.010015,3.27167,3.26826,3.27508,0.0309636,0.0301805,0.0327659,8.15622e-05,2.26562e-08,0.000266844,7.41235e-08
3809638234,2023-01-18T13:33:12.565030,3880468861,2023-01-18T13:33:47.966650,0.00738504,0.00353026,0.0114305,3.27827,3.26145,3.29437,0.024209,0.011618,0.0373481,0.261544,7.2651e-05,0.857369,0.000238158
3880476694,2023-01-18T13:33:47.967903,3880493935,2023-01-18T13:33:47.976571,0.00946361,0.00911429,0.00990431,3.27139,3.26826,3.27508,0.0309591,0.0298287,0.0323924,8.15716e-05,2.26588e-08,0.000266852,7.41256e-08
3890662731,2023-01-18T13:33:53.078831,3960665265,2023-01-18T13:34:28.075041,0.00739354,0.00353326,0.0114335,3.27836,3.26259,3.29437,0.0242375,0.0116278,0.0373417,0.258783,7.18843e-05,0.848344,0.000235651
3960673072,2023-01-18T13:34:28.076427,3960690311,2023-01-18T13:34:28.078376,0.00946888,0.00922501,0.0101258,3.27157,3.26713,3.27621,0.0309781,0.0301812,0.0331051,8.16075e-05,2.26688e-08,0.000266985,7.41625e-08
3970831125,2023-01-18T13:34:33.101472,4041781742,2023-01-18T13:35:08.601025,0.00738356,0.00354523,0.0114275,3.27831,3.26259,3.29437,0.0242044,0.0116632,0.0373092,0.261934,7.27595e-05,0.85866,0.000238517
4041789531,2023-01-18T13:35:08.601932,4041806769,2023-01-18T13:35:08.603427,0.00945776,0.00921304,0.0099492,3.27183,3.26713,3.27508,0.0309442,0.0301316,0.0325505,8.1507e-05,2.26408e-08,0.000266677,7.4077e-08
4051986891,2023-01-18T13:35:13.718723,4123769952,2023-01-18T13:35:49.615322,0.00737613,0.00354523,0.0114275,3.27853,3.26259,3.29437,0.0241817,0.0116632,0.0373351,0.26474,7.3539e-05,0.867917,0.000241088
4123777857,2023-01-18T13:35:49.616029,4123795096,2023-01-18T13:35:49.616943,0.00946032,0.00901853,0.0099492,3.27204,3.26826,3.27621,0.0309545,0.0295159,0.0325505,8.15337e-05,2.26483e-08,0.000266782,7.4106e-08
4134061166,2023-01-18T13:35:54.728276,4205113373,2023-01-18T13:36:30.287317,0.00738264,0.00351829,0.0114335,3.27852,3.26259,3.29437,0.024203,0.0115786,0.0373547,0.262276,7.28545e-05,0.859837,0.000238844
4205121244,2023-01-18T13:36:30.287855,4205138482,2023-01-18T13:36:30.288531,0.00945799,0.00900955,0.00991628,3.27157,3.26713,3.27508,0.0309425,0.0294763,0.0324428,8.1509e-05,2.26414e-08,0.000266662,7.40728e-08
4215264358,2023-01-18T13:36:35.390327,4286428052,2023-01-18T13:37:10.936647,0.00738164,0.00353924,0.0114784,3.27855,3.26145,3.29437,0.0241999,0.0116475,0.0374883,0.262652,7.29589e-05,0.861076,0.000239188
4286436005,2023-01-18T13:37:10.937827,4286453248,2023-01-18T13:37:10.939673,0.00947249,0.00893773,0.00991927,3.27181,3.26826,3.27508,0.0309922,0.0292413,0.0324301,8.16576e-05,2.26827e-08,0.000267168,7.42134e-08
4296656847,2023-01-18T13:37:16.052665,4368822257,2023-01-18T13:37:52.144576,0.00738787,0.00353625,0.0114455,3.27842,3.26259,3.29437,0.0242193,0.0116297,0.0373938,0.266574,7.40484e-05,0.873899,0.00024275
4368830161,2023-01-18T13:37:52.145665,4368847407,2023-01-18T13:37:52.147088,0.00947673,0.00907239,0.0100569,3.27166,3.26713,3.27621,0.0310046,0.0296922,0.0328801,8.17083e-05,2.26968e-08,0.000267322,7.4256e-08
4378945799,2023-01-18T13:37:57.161956,4449625811,2023-01-18T13:38:32.500341,0.00739683,0.00353924,0.0114484,3.27825,3.26145,3.29437,0.0242475,0.0116475,0.0373905,0.261404,7.26122e-05,0.856907,0.00023803
4449633697,2023-01-18T13:38:32.607736,4449650936,2023-01-18T13:38:32.609851,0.00947301,0.00905144,0.00997912,3.27205,3.26826,3.27621,0.0309961,0.0296442,0.0326597,8.16431e-05,2.26786e-08,0.00026714,7.42056e-08
4459776378,2023-01-18T13:38:37.626895,4537465595,2023-01-18T13:39:16.508835,0.00738686,0.00351829,0.0114514,3.27856,3.26259,3.29437,0.0242171,0.0115786,0.0373873,0.28694,7.97055e-05,0.940702,0.000261306
4537473388,2023-01-18T13:39:16.510569,4537491870,2023-01-18T13:39:16.512871,0.00946877,0.00902152,0.00993723,3.27158,3.26713,3.27508,0.0309778,0.0295257,0.0324917,8.74915e-05,2.43032e-08,0.000286235,7.95097e-08
4547630235,2023-01-18T13:39:21.526948,4623712532,2023-01-18T13:39:59.633122,0.00740014,0.00353625,0.0114335,3.2782,3.26032,3.29324,0.0242579,0.0116377,0.0373287,0.28151,7.81972e-05,0.9228,0.000256333
4623720390,2023-01-18T13:39:59.635328,4623738871,2023-01-18T13:39:59.638371,0.00946957,0.00905144,0.00993124,3.27146,3.26713,3.27508,0.0309793,0.0296236,0.0324579,8.74941e-05,2.43039e-08,0.000286233,7.95093e-08
4633927654,2023-01-18T13:40:04.649571,4710753989,2023-01-18T13:40:43.078502,0.00739361,0.00352428,0.0114544,3.27827,3.26259,3.29437,0.0242371,0.0116023,0.0374101,0.284012,7.88923e-05,0.931022,0.000258617
4710761693,2023-01-18T13:40:43.078979,4710780181,2023-01-18T13:40:43.184367,0.00947355,0.00901254,0.00993423,3.27184,3.26713,3.27508,0.030996,0.0294861,0.032479,8.75641e-05,2.43233e-08,0.000286496,7.95822e-08
4720891379,2023-01-18T13:40:48.198427,4796180714,2023-01-18T13:41:25.849007,0.00740579,0.00354523,0.0114724,3.27831,3.26145,3.29437,0.0242773,0.0116672,0.0374818,0.278789,7.74413e-05,0.91391,0.000253864
4796188463,2023-01-18T13:41:25.850275,4796206942,2023-01-18T13:41:25.852063,0.00948476,0.00926391,0.010018,3.27165,3.26826,3.27621,0.0310308,0.0302979,0.0327643,8.76249e-05,2.43403e-08,0.000286678,7.96328e-08
4806346038,2023-01-18T13:41:30.874267,4883820414,2023-01-18T13:42:09.676037,0.00739176,0.00350632,0.0114514,3.27858,3.26259,3.29437,0.0242333,0.0115392,0.0374263,0.286336,7.95378e-05,0.938729,0.000260758
4883828332,2023-01-18T13:42:09.677940,4883846810,2023-01-18T13:42:09.687793,0.00947245,0.00901553,0.00988635,3.27219,3.26826,3.27621,0.0309956,0.0295061,0.0323449,8.75065e-05,2.43074e-08,0.000286338,7.95383e-08
4894050463,2023-01-18T13:42:14.721731,4970367543,2023-01-18T13:42:52.934795,0.00740097,0.00350632,0.0114574,3.27848,3.26259,3.29437,0.0242627,0.0115392,0.0374069,0.28241,7.84473e-05,0.92583,0.000257175
4970375364,2023-01-18T13:42:52.940174,4970393846,2023-01-18T13:42:52.942346,0.00947771,0.00907838,0.00991329,3.27136,3.26713,3.27508,0.0310049,0.0297118,0.0324217,8.7574e-05,2.43261e-08,0.000286486,7.95793e-08
4980562601,2023-01-18T13:42:57.948747,5056975562,2023-01-18T13:43:36.250260,0.0073999,0.00352428,0.0114455,3.27838,3.26259,3.29437,0.0242585,0.0115943,0.0373808,0.282724,7.85344e-05,0.926832,0.000257453
5056983396,2023-01-18T13:43:36.252218,5057001880,2023-01-18T13:43:36.253962,0.00947911,0.00924596,0.00995219,3.27196,3.26826,3.27621,0.0310152,0.0302497,0.032552,8.75964e-05,2.43323e-08,0.000286612,7.96144e-08
5067187036,2023-01-18T13:43:41.276798,5143064750,2023-01-18T13:44:19.298810,0.0074056,0.00351829,0.0114455,3.27851,3.26259,3.29437,0.0242781,0.0115746,0.0373808,0.28096,7.80445e-05,0.921085,0.000255857
5143072544,2023-01-18T13:44:19.300836,5143091029,2023-01-18T13:44:19.307457,0.00947857,0.00904546,0.00998211,3.27244,3.26826,3.27621,0.031018,0.0295938,0.0326355,8.75962e-05,2.43323e-08,0.000286653,7.96258e-08
5153263382,2023-01-18T13:44:24.326737,5229118571,2023-01-18T13:45:02.244111,0.00740656,0.00354822,0.0114634,3.27837,3.26259,3.29324,0.0242803,0.011673,0.0374264,0.280913,7.80314e-05,0.920892,0.000255803
5229126522,2023-01-18T13:45:02.244633,5229145019,2023-01-18T13:45:02.354667,0.00948481,0.0091472,0.010024,3.27176,3.26713,3.27508,0.031032,0.0299266,0.0327725,8.77107e-05,2.43641e-08,0.000286969,7.97136e-08
5239276985,2023-01-18T13:45:07.344531,5314147380,2023-01-18T13:45:44.872038,0.00741314,0.00354523,0.0114514,3.27824,3.26259,3.29324,0.0243009,0.0116632,0.0373938,0.277513,7.70868e-05,0.909708,0.000252697
5314155242,2023-01-18T13:45:44.874492,5314173721,2023-01-18T13:45:44.880655,0.00947686,0.00906341,0.00991329,3.27156,3.26713,3.27508,0.0310041,0.0296731,0.0324105,8.7552e-05,2.432e-08,0.000286431,7.95643e-08
5324358888,2023-01-18T13:45:49.881657,5404478070,2023-01-18T13:46:29.959755,0.00740658,0.00353026,0.0114814,3.27846,3.26145,3.29551,0.024281,0.01161,0.0374915,0.296705,8.2418e-05,0.972686,0.000270191
5404485871,2023-01-18T13:46:29.960649,5404505393,2023-01-18T13:46:29.962100,0.00947011,0.00923099,0.00994022,3.27207,3.26826,3.27621,0.0309869,0.0301903,0.0324985,9.24283e-05,2.56745e-08,0.000302432,8.40089e-08
5414697388,2023-01-18T13:46:35.078517,5495433128,2023-01-18T13:47:15.411738,0.00739943,0.00355121,0.0114574,3.27834,3.26145,3.29437,0.0242567,0.0116869,0.0374101,0.298699,8.2972e-05,0.979191,0.000271997
5495441046,2023-01-18T13:47:15.521398,5495460565,2023-01-18T13:47:15.524404,0.0094744,0.00900356,0.010024,3.27171,3.26826,3.27508,0.0309975,0.0294771,0.0327839,9.2456e-05,2.56822e-08,0.000302489,8.40247e-08
5505645435,2023-01-18T13:47:20.529019,5587082602,2023-01-18T13:48:01.316834,0.00739557,0.00353625,0.0114245,3.27851,3.26259,3.29437,0.0242452,0.0116417,0.0373124,0.301137,8.36492e-05,0.987232,0.000274231
5587090497,2023-01-18T13:48:01.324637,5587110017,2023-01-18T13:48:01.327511,0.00946986,0.00911728,0.00988336,3.27191,3.26826,3.27621,0.0309845,0.0298287,0.0323351,9.24164e-05,2.56712e-08,0.000302378,8.39939e-08
5597351770,2023-01-18T13:48:06.424998,5678810243,2023-01-18T13:48:47.137887,0.00739472,0.00353026,0.0114604,3.27848,3.26259,3.29437,0.0242422,0.011614,0.0374427,0.301181,8.36615e-05,0.987366,0.000274268
5678818132,2023-01-18T13:48:47.144452,5678837650,2023-01-18T13:48:47.146539,0.0094738,0.00902451,0.00989832,3.2717,3.26713,3.27508,0.0309954,0.0295355,0.0323953,9.24454e-05,2.56793e-08,0.000302453,8.40147e-08
5689038169,2023-01-18T13:48:52.264441,5770067698,2023-01-18T13:49:32.810267,0.00739759,0.00351829,0.0114514,3.27838,3.26145,3.29437,0.0242509,0.0115826,0.0374133,0.299712,8.32532e-05,0.982519,0.000272922
5770075503,2023-01-18T13:49:32.811692,5770095021,2023-01-18T13:49:32.817386,0.00947103,0.00923997,0.010024,3.27186,3.26826,3.27508,0.0309879,0.0302196,0.0328066,9.24183e-05,2.56718e-08,0.00030238,8.39943e-08
5780318703,2023-01-18T13:49:37.826751,5861850290,2023-01-18T13:50:18.675623,0.00739486,0.00353625,0.0114425,3.27864,3.26259,3.29437,0.0242439,0.0116377,0.0373644,0.301457,8.37382e-05,0.98832,0.000274533
5861858274,2023-01-18T13:50:18.676591,5861877791,2023-01-18T13:50:18.678243,0.0094699,0.00915917,0.00995817,3.27199,3.26826,3.27621,0.0309854,0.0299554,0.0325912,9.24026e-05,2.56674e-08,0.00030234,8.39835e-08
5872128243,2023-01-18T13:50:23.789484,5952837931,2023-01-18T13:51:04.186566,0.0074005,0.00352727,0.0114484,3.27853,3.26259,3.29437,0.0242615,0.0116081,0.0373938,0.298646,8.29572e-05,0.97907,0.000271964
5952845803,2023-01-18T13:51:04.188761,5952865321,2023-01-18T13:51:04.191317,0.00948982,0.0090694,0.00996117,3.27174,3.26826,3.27508,0.0310483,0.0296721,0.0325897,9.26017e-05,2.57227e-08,0.000302969,8.4158e-08
5963034539,2023-01-18T13:51:09.207983,6043487453,2023-01-18T13:51:49.541370,0.00740292,0.00353625,0.0114245,3.27846,3.26259,3.29437,0.0242689,0.0116377,0.0373253,0.297793,8.27204e-05,0.976254,0.000271182
6043495303,2023-01-18T13:51:49.543826,6043514818,2023-01-18T13:51:49.553458,0.00946931,0.00903947,0.00995518,3.27149,3.26826,3.27621,0.0309787,0.0295844,0.0325588,9.23873e-05,2.56631e-08,0.000302244,8.39567e-08
6053640197,2023-01-18T13:51:54.556754,6134016809,2023-01-18T13:52:34.792543,0.00739911,0.00353625,0.0114245,3.27833,3.26259,3.29437,0.0242555,0.0116337,0.0373058,0.297358,8.25994e-05,0.974789,0.000270775
6134024711,2023-01-18T13:52:34.794489,6134044244,2023-01-18T13:52:34.796989,0.00948066,0.00899159,0.00993124,3.27188,3.26826,3.27621,0.0310196,0.0294379,0.032503,9.25834e-05,2.57176e-08,0.000302922,8.41449e-08
6144250027,2023-01-18T13:52:39.824580,6224945035,2023-01-18T13:53:20.244837,0.00739601,0.00354523,0.0114275,3.27827,3.26145,3.29437,0.0242449,0.0116672,0.0373351,0.298411,8.28918e-05,0.978222,0.000271728
6224952852,2023-01-18T13:53:20.246276,6224972365,2023-01-18T13:53:20.248559,0.00946913,0.00904845,0.00996715,3.2716,3.26826,3.27621,0.0309792,0.0296035,0.0325979,9.23761e-05,2.566e-08,0.000302218,8.39494e-08
6235113170,2023-01-18T13:53:25.279406,6319837618,2023-01-18T13:54:07.617473,0.00740297,0.00355121,0.0114933,3.27844,3.26259,3.29437,0.0242689,0.0116829,0.0375372,0.313606,8.71129e-05,1.02809,0.00028558
6319845689,2023-01-18T13:54:07.622616,6319866240,2023-01-18T13:54:07.624365,0.00946452,0.00920406,0.0099881,3.27194,3.26826,3.27508,0.0309673,0.0301231,0.0326778,9.72432e-05,2.7012e-08,0.000318173,8.83815e-08
6330025943,2023-01-18T13:54:12.750715,6415297172,2023-01-18T13:54:55.356032,0.00739964,0.00353924,0.0114275,3.27845,3.26145,3.29437,0.0242581,0.0116395,0.0373351,0.315488,8.76356e-05,1.03426,0.000287294
6415305179,2023-01-18T13:54:55.360648,6415325727,2023-01-18T13:54:55.361658,0.0094702,0.00921005,0.00999708,3.27181,3.26713,3.27508,0.0309846,0.0301427,0.0326844,9.72873e-05,2.70243e-08,0.000318305,8.84181e-08
6425479408,2023-01-18T13:55:00.480439,6510603160,2023-01-18T13:55:43.074341,0.00740582,0.00350932,0.0114634,3.27818,3.26259,3.29437,0.0242764,0.011549,0.0374394,0.315206,8.75571e-05,1.03325,0.000287013
6510611253,2023-01-18T13:55:43.076139,6510631807,2023-01-18T13:55:43.085208,0.00947586,0.00921603,0.010021,3.27114,3.26713,3.27508,0.0309968,0.0301309,0.0327741,9.73739e-05,2.70483e-08,0.000318524,8.84788e-08
6520852436,2023-01-18T13:55:48.104155,6608066193,2023-01-18T13:56:31.783016,0.00739173,0.00350632,0.0114455,3.27831,3.26145,3.29324,0.0242312,0.0115312,0.0373938,0.32233,8.95362e-05,1.05665,0.000293513
6608074220,2023-01-18T13:56:31.784024,6608094768,2023-01-18T13:56:31.788165,0.00947314,0.00905444,0.00993723,3.27175,3.26826,3.27508,0.0309938,0.0296437,0.0325,9.73176e-05,2.70327e-08,0.000318399,8.84442e-08
6618242277,2023-01-18T13:56:36.810489,6703896310,2023-01-18T13:57:19.668678,0.00740511,0.00351231,0.0114514,3.27848,3.26259,3.29437,0.0242763,0.0115589,0.0374133,0.317139,8.80941e-05,1.03968,0.0002888
6703904321,2023-01-18T13:57:19.677003,6703924867,2023-01-18T13:57:19.680140,0.00947253,0.00905444,0.00995219,3.27196,3.26826,3.27621,0.0309937,0.0296231,0.032549,9.73018e-05,2.70283e-08,0.000318368,8.84354e-08
6714152651,2023-01-18T13:57:24.800745,6800196805,2023-01-18T13:58:07.906694,0.00740164,0.00353026,0.0114305,3.27849,3.26259,3.29437,0.024265,0.011614,0.0373221,0.318434,8.84539e-05,1.04393,0.000289981
6800204819,2023-01-18T13:58:07.914241,6800225373,2023-01-18T13:58:07.917370,0.00946869,0.00899159,0.00994022,3.27174,3.26826,3.27621,0.0309791,0.0294277,0.0325098,9.73003e-05,2.70279e-08,0.000318341,8.8428e-08
6810347807,2023-01-18T13:58:12.921203,6895919303,2023-01-18T13:58:55.689782,0.00740332,0.00354223,0.0114365,3.27852,3.26259,3.29437,0.0242707,0.0116534,0.0373774,0.316756,8.79879e-05,1.03844,0.000288455
6895927120,2023-01-18T13:58:55.691098,6895947668,2023-01-18T13:58:55.693293,0.00947502,0.00903349,0.010012,3.2718,3.26826,3.27508,0.0310004,0.0295751,0.0327561,9.73369e-05,2.7038e-08,0.000318467,8.84631e-08
6906164008,2023-01-18T13:59:00.820583,6992075538,2023-01-18T13:59:43.830408,0.00740199,0.00354523,0.0114395,3.27857,3.26259,3.29437,0.0242667,0.0116672,0.0373774,0.317958,8.83217e-05,1.04239,0.000289554
6992083550,2023-01-18T13:59:43.832677,6992104118,2023-01-18T13:59:43.836240,0.00948796,0.00905144,0.00993423,3.27179,3.26826,3.27621,0.0310426,0.0296133,0.0324903,9.75647e-05,2.71013e-08,0.000319211,8.86698e-08
7002390232,2023-01-18T13:59:48.859531,7087365697,2023-01-18T14:00:31.459496,0.007408,0.00355121,0.0114544,3.27837,3.26259,3.29437,0.0242849,0.0116829,0.0373872,0.314749,8.74303e-05,1.03181,0.000286614
7087373688,2023-01-18T14:00:31.461707,7087394238,2023-01-18T14:00:31.471538,0.00946507,0.00900955,0.0099073,3.27185,3.26826,3.27508,0.0309683,0.0294967,0.0323797,9.72441e-05,2.70123e-08,0.000318168,8.838e-08
7097520073,2023-01-18T14:00:36.461415,7182614296,2023-01-18T14:01:19.087718,0.00740574,0.00354223,0.0114724,3.27847,3.26259,3.29437,0.0242783,0.0116614,0.0374948,0.315093,8.75258e-05,1.03297,0.000286936
7182622274,2023-01-18T14:01:19.095966,7182642825,2023-01-18T14:01:19.099654,0.00947769,0.00923698,0.01003,3.27166,3.26713,3.27621,0.0310077,0.0302203,0.0328148,9.73785e-05,2.70496e-08,0.000318589,8.8497e-08
